<?xml version="1.0" encoding="UTF-8"?>
<project-private xmlns="http://www.netbeans.org/ns/project-private/1">
    <editor-bookmarks xmlns="http://www.netbeans.org/ns/editor-bookmarks/2" lastBookmarkId="0"/>
    <open-files xmlns="http://www.netbeans.org/ns/projectui-open-files/2">
        <group>
            <file>file:/J:/Data%20Com/schultzder_Program2/src/Client.java</file>
            <file>file:/J:/Data%20Com/schultzder_Program2/src/ServerThread.java</file>
            <file>file:/J:/Data%20Com/schultzder_Program2/src/ChipherAlphabet.java</file>
            <file>file:/J:/Data%20Com/schultzder_Program2/src/Server.java</file>
        </group>
    </open-files>
</project-private>
